{
	"n" : 44,
	"bladeStart" : 10,
	"tipStart" : 32,
	"lipStart" : 39,
	"noseLength" : 28,
	"noseStart" : 17,
	"velumTarget" : 0.4,
	"movementSpeed" : 15,
	"tongueIndex" : 22.967892989337916,
	"tongueDiameter" : 2.601130589246522

}
